,주소,위도,경도,전화번호,재학생 수,남학생 수,여학생 수,홈페이지,계열
글로벌선진학교,충청북도 음성군 원남면 원중로 406-9,36.8766351730084,127.6112718797,043-871-7091,176명,101명,75명,http://www.gvcs-es.org,대안  | 일반계 
운호고등학교,충청북도 청주시 서원구 무심서로 375,36.6250531729266,127.485186821478,043-287-7912,755명,755명,0명,http://www.unho.hs.kr/,일반계 
청산고등학교,충청북도 옥천군 청산면 청산로 92,36.3492308428659,127.795181257967,043-732-8177,69명,35명,34명,http://school.cbe.go.kr/chongsan-h/M01,일반계 
충주성모학교,충청북도 충주시 방아길 48-9,36.950070754204,127.940435593002,043-852-1374,55명,0명,0명,http://www.chungjusm.sc.kr,일반계 
청주신흥고등학교,충청북도 청주시 청원구 율봉로 229,36.6696511596904,127.496519360521,043-211-8802,758명,758명,0명,http://shinheung.sc.kr,일반계 
충청북도서원고등학교,충청북도 청주시 흥덕구 가경로 49,36.6200817782469,127.441076858149,043-904-0171,727명,363명,364명,http://school.cbe.go.kr/seowongo-h,일반계 
충주상업고등학교,충청북도 충주시 방아길 20,36.9467218549611,127.937921958573,043-844-3322,448명,268명,180명,http://chungju-ch.hs.kr,상업계 
산남고등학교,충청북도 청주시 서원구 두꺼비로 7,36.6086188054178,127.469389082295,043-715-6300,759명,0명,759명,http://school.cbe.go.kr/sannam-h,일반계 
영동미래고등학교,충청북도 영동군 영동읍 대학로 10,36.1780923776472,127.779595889939,043-742-3653,237명,125명,112명,http://school.cbe.go.kr/ydmirae-h/M01,가사실업계  | 상업계 
충청북도흥덕고등학교,충청북도 청주시 흥덕구 증안로 9,36.636862784424,127.423935075202,043-236-9063,870명,351명,519명,http://school.cbe.go.kr/hds-h/,일반계 
충북산업과학고등학교,충청북도 옥천군 옥천읍 중앙로 144,36.3094763107577,127.576337083405,043-733-2992,251명,123명,128명,http://www.cbis.hs.kr,공업계  | 상업계 
옥천고등학교,충청북도 옥천군 옥천읍 중앙로 115,36.3083892179424,127.570042109829,043-733-3543,565명,310명,255명,http://school.cbe.go.kr/okchungo-h,일반계 
영동산업과학고등학교,충청북도 영동군 영동읍 학산영동로 1213,36.1725454084478,127.771179874529,043-740-2500,138명,91명,47명,http://school.cbe.go.kr/ydis-h,공업계  | 농업계 
꽃동네학교,충청북도 음성군 맹동면 원중로1119번길 42,36.8906152831342,127.566084426172,043-882-7700,152명,0명,0명,http://www.kkot.sc.kr,일반계 
제천여자고등학교,충청북도 제천시 내제로6길 13,37.1363805358905,128.204690339384,043-644-8325,527명,0명,527명,http://school.cbe.go.kr/jcgirl-h/,일반계 
충청북도청원고등학교,충청북도 청주시 청원구 오창읍 구룡5길 9,36.7141297255396,127.415005863558,043-717-6500,588명,257명,331명,http://school.cbe.go.kr/cw-h,일반계 
충주예성여자고등학교,충청북도 충주시 호암대로 42,36.9546051352336,127.930600126924,043-870-1903,591명,0명,591명,http://school.cbe.go.kr/yesung-h,일반계 
청암학교,충청북도 제천시 의병대로45길 58,37.1404737301571,128.251683196416,043-649-0214,103명,0명,0명,http://school.cbe.go.kr/cheongam-s/,일반계 
청주대성고등학교,충청북도 청주시 청원구 대성로300번길 18,36.653785456693,127.49068518382,043-215-4911,746명,321명,425명,http://school.cbe.go.kr/cjds-h,상업계  | 일반계 
광혜원고등학교,충청북도 진천군 광혜원면 덕성산로 56,36.9942957351488,127.428049765617,043-535-8434,302명,140명,162명,http://school.cbe.go.kr/ghw-h,공업계  | 일반계 
보은정보고등학교,충청북도 보은군 보은읍 성주길 27,36.4909989092296,127.735284102527,043-544-3804,32명,21명,11명,http://school.cbe.go.kr/boeuni-h,상업계  | 전문계 
충주대원고등학교,충청북도 충주시 안림로 43,36.9713332827788,127.951822991766,043-840-0800,614명,614명,0명,http://www.daewon.hs.kr,일반계 
충북비즈니스고등학교,충청북도 증평군 증평읍 중앙로 132,36.777914102942,127.578419278751,043-836-4385,313명,171명,142명,http://school.cbe.go.kr/cbbh-h,상업계 
양청고등학교,충청북도 청주시 청원구 오창읍 양청6길 33,36.7269901795973,127.433520117315,043-717-8800,737명,371명,366명,http://school.cbe.go.kr/yc-h/M01,일반계 
청주중앙여자고등학교,충청북도 청주시 서원구 천석로 15,36.6377691526954,127.464554509134,043-271-2985,835명,0명,835명,http://school.cbe.go.kr/cjjang-h,일반계 
청주외국어고등학교,충청북도 청주시 흥덕구 장구봉로 107,36.6255021968441,127.444490523583,043-717-3546,467명,149명,318명,http://cfl.hs.kr,외국어계 
한국폴리텍다솜고등학교,충청북도 제천시 원강저로 94,37.1117505641607,128.219275598718,043-649-2800,130명,114명,16명,http://dasom.kopo.ac.kr,대안 
서전고등학교,충청북도 진천군 덕산읍 대하로 47,36.8994814924856,127.525952936304,043-537-8737,521명,238명,283명,http://school.cbe.go.kr/seojeon-h,일반계 
음성고등학교,충청북도 음성군 음성읍 중앙로 109-16,36.9337756057864,127.686247591306,043-873-9973,466명,232명,234명,http://school.cbe.go.kr/eumseong-h/M01,일반계 
한국호텔관광고등학교,충청북도 단양군 단성면 북상하리길 69,36.9265573545714,128.338508425847,043-422-0669,194명,109명,85명,http://www.hoteltourism.hs.kr,가사계  | 공업계 
청주고등학교부설방송통신고등학교,충청북도 청주시 흥덕구 사직대로 79,36.6360235135755,127.45523313082,043-269-1235,266명,79명,187명,http://cyber.hs.kr/servlet/controller.ho,일반계 
진천상업고등학교,충청북도 진천군 진천읍 문화3길 25,36.8477639570272,127.443685327015,043-533-3502,272명,127명,145명,http://school.cbe.go.kr/jcch-h,상업계 
제천디지털전자고등학교,충청북도 제천시 봉양읍 팔송로 84,37.1413223306765,128.115699910332,043-647-4391,140명,83명,57명,http://school.cbe.go.kr/jde-h,가사실업계  | 공업계 
충북여자고등학교,충청북도 청주시 서원구 무심서로 377-2,36.6253821789728,127.484166941894,043-287-3701,750명,0명,750명,http://www.chungbuk-g.kr,일반계 
오창고등학교,충청북도 청주시 청원구 오창읍 괴정1길 10,36.7341991033474,127.461651361493,043-217-8774,429명,254명,175명,http://school.cbe.go.kr/ochang-h/,일반계 
제천산업고등학교,충청북도 제천시 단양로10길 160,37.119628709557,128.234242467295,043-646-9660,311명,213명,98명,http://school.cbe.go.kr/jci-h,가사실업계  | 공업계  | 상업계 
청주여자고등학교,충청북도 청주시 청원구 충청대로107번길 82,36.6677400797657,127.489702042316,043-211-4926,841명,0명,841명,http://school.cbe.go.kr/cheongjug-h,일반계 
봉명고등학교,충청북도 청주시 흥덕구 월명로220번길 19,36.6549256507498,127.45528387963,043-299-0100,680명,339명,341명,http://school.cbe.go.kr/cbm-h/M01,일반계 
숭덕학교,충청북도 충주시 충원대로 490,36.9715981687137,127.909609082783,043-852-6943,123명,0명,0명,http://school.cbe.go.kr/sungdeok-s/M01,일반계 
국원고등학교,충청북도 충주시 사직산6길 20,36.9694818572171,127.926967532018,043-844-7560,463명,247명,216명,http://www.gukwon.hs.kr,농업계  | 일반계 
충북대학교사범대학부설고등학교,충청북도 청주시 흥덕구 장구봉로41번길 12,36.623926800156,127.438518408288,043-249-2114,522명,265명,257명,http://school.cbe.go.kr/cbnu-h,일반계 
청주고등학교,충청북도 청주시 흥덕구 사직대로 79,36.6360235135755,127.45523313082,043-269-1235,927명,927명,0명,http://school.cbe.go.kr/cheongju-h,일반계 
제천제일고등학교,충청북도 제천시 의병대로 177,37.1352577629342,128.220868719352,043-640-6210,522명,294명,228명,http://school.cbe.go.kr/jcjeil-h,농업계  | 일반계 
일신여자고등학교,충청북도 청주시 상당구 영운로 126,36.6269278328665,127.496896853947,043-257-7560,821명,0명,821명,http://www.cjis.hs.kr,일반계 일반계 
청주맹학교,충청북도 청주시 상당구 영운로 122-1,36.6264856105992,127.496084254168,043-253-7761,83명,0명,0명,http://school.cbe.go.kr/chsb-s,일반계 
보은고등학교,충청북도 보은군 보은읍 보은로 17,36.4753094757578,127.720551218454,043-540-6622,248명,180명,68명,http://school.cbe.go.kr/boeun-h,일반계 
제천고등학교,충청북도 제천시 칠성로 105,37.1430874856111,128.217945157962,043-643-9905,533명,533명,0명,http://school.cbe.go.kr/jecheon-h,일반계 
충원고등학교,충청북도 충주시 엄정면 동막강현길 377,37.0880698822752,127.910885020972,043-852-1526,222명,138명,84명,https://school.cbe.go.kr/chungwon-h/M01,일반계 
증평공업고등학교,충청북도 증평군 증평읍 광장로 180,36.780952175247,127.590323115812,043-838-0332,295명,234명,61명,http://school.cbe.go.kr/jptec-h,공업계 
청석고등학교,충청북도 청주시 상당구 원봉로 75,36.614439149712,127.506615380946,043-297-2623,756명,756명,0명,http://school.cbe.go.kr/cs-h,일반계 
은여울고등학교,충청북도 진천군 문백면 농다리로 536-45,36.7944015002851,127.486350961482,043-530-5806,21명,9명,12명,http://school.cbe.go.kr/,대안 
충북상업정보고등학교,충청북도 청주시 청원구 율천북로 73,36.6646104762916,127.479380658107,043-219-0320,472명,276명,196명,http://school.cbe.go.kr/cbci-h/,상업계 상업계 
충주중산고등학교,충청북도 충주시 방아길 20,36.9467218549611,127.937921958573,043-851-2783,464명,230명,234명,http://www.joongsan.hs.kr,외국어계  | 일반계 
오송고등학교,충청북도 청주시 흥덕구 오송읍 오송생명3로 95,36.6296200178343,127.325984578968,043-238-8902,662명,289명,373명,http://school.cbe.go.kr/os-h,일반계 
양업고등학교,충청북도 청주시 흥덕구 옥산면 환희길 277,36.6713722574494,127.347391967082,043-260-5076,118명,65명,53명,http://www.yangeob.hs.kr,대안  | 일반계 
충북생명산업고등학교,충청북도 보은군 보은읍 자영고길 10,36.4909954876594,127.715466226859,043-543-1105,239명,157명,82명,https://school.cbe.go.kr/cbb-h,농업계 
한국바이오마이스터고등학교,충청북도 진천군 진천읍 남산4길 13,36.8508794817661,127.440054549788,043-532-1346,337명,137명,200명,http://school.cbe.go.kr/kbm-h,공업계  | 농업계  | 바이오(농업)계열 
주성고등학교,충청북도 청주시 상당구 호미로 310,36.634832585076,127.510651180959,285-3902,757명,331명,426명,http://www.juseong.hs.kr,일반계 
제천상업고등학교,충청북도 제천시 의병대로 243,37.1336491307847,128.228418168079,043-640-6705,397명,184명,213명,http://school.cbe.go.kr/jcc-h,상업계 
충북예술고등학교,충청북도 청주시 흥덕구 서부로 1185,36.6108636042648,127.432754099608,043-230-0622,277명,57명,220명,http://cbart.hs.kr,예술계 
세명고등학교,충청북도 제천시 세명로 88,37.1831302375705,128.197790661501,043-643-5717,535명,277명,258명,http://semyung.hs.kr,일반계 
상당고등학교,충청북도 청주시 상당구 월평로238번길 3-10,36.6064196497867,127.508618603737,043-270-9399,780명,324명,456명,http://school.cbe.go.kr/sangdang-h,일반계 
청주IT과학고등학교,충청북도 청주시 서원구 현도면 죽암도원로 34-13,36.5218886463265,127.436616818908,043-269-3231,393명,242명,151명,http://school.cbe.go.kr/cjits-h,상업계 
청주하이텍고등학교,충청북도 청주시 서원구 1순환로1137번길 59,36.6092143647472,127.492367890132,043-299-1705,403명,355명,48명,http://cjh.hs.kr,공업계  | 일반계 
충주고등학교,충청북도 충주시 예성로 37,36.9616525175304,127.930283690658,043-840-6700,589명,589명,0명,http://school.cbe.go.kr/chungju-h/M01,일반계 
청주공업고등학교,충청북도 청주시 상당구 교서로 17,36.6376457047777,127.485679488416,043-229-5300,934명,934명,0명,http://school.cbe.go.kr/ck-h,공업계 
황간고등학교,충청북도 영동군 황간면 남성동3길 4-22,36.2349464928827,127.910531045175,043-740-9714,64명,29명,35명,http://school.cbe.go.kr/hgn-h/M01,일반계 
대성여자상업고등학교,충청북도 청주시 상당구 대성로 220,36.645376586986,127.492282507756,043-253-7422,632명,0명,632명,http://school.cbe.go.kr/cds-h/M01,상업계 상업계 
충주여자고등학교,충청북도 충주시 형설로 77,36.96093611054,127.938159839468,043-850-9750,612명,0명,612명,http://school.cbe.go.kr/chungjugirl-h,일반계 
충북고등학교,충청북도 청주시 서원구 청남로 1969,36.6085421359283,127.481714419812,043-299-2300,718명,718명,0명,http://school.cbe.go.kr/chungbukgo-h,일반계 
충청북도금천고등학교,충청북도 청주시 상당구 호미로233번길 65,36.6277971625803,127.511942796005,043-286-4012,766명,351명,415명,http://school.cbe.go.kr/kch-h,일반계 
세광고등학교,충청북도 청주시 서원구 2순환로 1572,36.6034235348189,127.4526310398,043-230-1900,743명,743명,0명,http://school.cbe.go.kr/skhs-h/,일반계 
충주혜성학교,충청북도 충주시 노은면 감노로 1057,37.0513741563767,127.715329517048,043-870-4702,106명,0명,0명,http://school.cbe.go.kr/cjhs-s,일반계 
학산고등학교,충청북도 영동군 학산면 학산양산로 12,36.1009050611757,127.682036624403,043-743-6392,43명,19명,24명,http://school.cbe.go.kr/haksan-m,상업계  | 일반계 
충북과학고등학교,충청북도 청주시 상당구 가덕면 교육원로 153-135,36.5877912123634,127.569177188357,043-715-2505,145명,113명,32명,http://school.cbe.go.kr/cbs-h/M01,과학계 
충청북도매괴고등학교,충북 음성군 감곡면 매괴길 10,37.1206759359742,127.640655773393,043-881-3188,333명,154명,179명,http://school.cbe.go.kr/maegoe-h/M01,상업계  | 일반계 
청주여자상업고등학교,충청북도 청주시 서원구 무심서로 377-1,36.6259579704967,127.483908264184,043-288-7362,516명,0명,516명,http://3croba.hs.kr,상업계 
단양고등학교,충청북도 단양군 단양읍 수변로 2,36.9760545214168,128.366515598771,043-422-3522,360명,181명,179명,http://school.cbe.go.kr/danyang-h/M01,일반계 
한림디자인고등학교,충청북도 충주시 야현1길 21,36.9800411299019,127.939038689106,043-841-2200,493명,0명,493명,http://school.cbe.go.kr/had-h,가사실업계  | 상업계 
괴산고등학교,충청북도 괴산군 괴산읍 읍내로 106,36.7965784776823,127.779633800604,043-833-1903,328명,174명,154명,http://school.cbe.go.kr/goesan-h,일반계  | 직업 
진천고등학교,충청북도 진천군 진천읍 문화12길 48,36.8539549015877,127.449954174924,043-530-3600,504명,283명,221명,http://school.cbe.go.kr/jcg-h,일반계 
대금고등학교,충청북도 음성군 금왕읍 신내로 507,36.9818496332201,127.527925230581,043-750-5505,400명,196명,204명,http://school.cbe.go.kr/daegeum-h,일반계 
형석고등학교,충청북도 증평군 증평읍 미암로 26,36.7937851696202,127.592577467362,043-835-1310,312명,152명,160명,http://school.cbe.go.kr/hshs-h,일반계 
충주성심학교,충청북도 충주시 봉현로 261,36.9779485567969,127.932702824511,043-847-3230,87명,0명,0명,http://school.cbe.go.kr/sungsim-s,일반계 
청주혜원학교,충청북도 청주시 상당구 중고개로248번길 25,36.6265212746821,127.511371560934,043-286-6881,324명,0명,0명,http://school.cbe.go.kr/cjhyewon-s,일반계 
보은여자고등학교,충청북도 보은군 보은읍 보은로 223,36.494720126706,127.716103282459,043-542-3978,119명,0명,119명,http://school.cbe.go.kr/boeung-h,일반계 
충북에너지고등학교,충청북도 청주시 상당구 미원면 미원초정로 27,36.6398019171517,127.657147848856,"043-290-7601,7602",222명,183명,39명,http://www.cbenergy.hs.kr,공업계 
충북체육고등학교,충청북도 진천군 문백면 도하3길 120,36.7630863651617,127.434729719551,043-531-8005,225명,161명,64명,http://www.cbp.hs.kr,체육계 
충북공업고등학교,충청북도 청주시 흥덕구 서부로1205번길 52,36.6127606390729,127.43139607022,043-230-5100,760명,713명,47명,http://school.cbe.go.kr/cbt-h/,공업계 
청주성신학교,충청북도 청주시 흥덕구 서부로 837-42,36.5979032486138,127.3992047544,043-266-7976,213명,0명,0명,http://school.cbe.go.kr/cjss,일반계 
충북반도체고등학교,충청북도 음성군 금왕읍 무극로 393-1,36.9945688918431,127.606894529842,043-871-5190,349명,291명,58명,http://school.cbe.go.kr/cbsemi-h/,공업계 
충주공업고등학교,충청북도 충주시 형설로 120,36.9655694197014,127.940494833628,043-841-1400,461명,431명,30명,http://www.cjth.hs.kr,공업계 
청주혜화학교,충청북도 청주시 서원구 남이면 구암길 52-7,36.5923642706788,127.409838988066,043-233-0163,83명,0명,0명,http://school.cbe.go.kr/cjhyehwa-s,일반계 
청주농업고등학교,충청북도 청주시 청원구 내덕로 45,36.6585279567199,127.485436844699,043-229-5700,695명,368명,327명,http://school.cbe.go.kr/cjagh-h,농업계 
충청북도영동고등학교,충청북도 영동군 영동읍 계산로 122,36.169493013817,127.7884058283,043-740-7600,385명,184명,201명,http://school.cbe.go.kr/yeongdong-h,일반계 
